take_id	filename	bucket	est_seconds	transcript
001	001.txt	phonetic-harvard	27	The birch canoe slid on the smooth planks. The boy was there when the sun rose. The small pup gnawed a hole in the sock. Hoist the load to your left shoulder. A king ruled the state in the early days. Oak is strong and also gives shade.
002	002.txt	phonetic-harvard	27	Glue the sheet to the dark blue background. A rod is used to catch pink salmon. The fish twisted and turned on the bent hook. Take the winding path to reach the lake. The ship was torn apart on the sharp reef. Cats and dogs each hate the other.
003	003.txt	phonetic-harvard	27	It's easy to tell the depth of a well. The source of the huge river is the clear spring. Press the pants and sew a button on the vest. Note closely the size of the gas tank. Sickness kept him home the third week. The pipe began to rust while new.
004	004.txt	phonetic-harvard	27	These days a chicken leg is a rare dish. Kick the ball straight and follow through. The swan dive was far short of perfect. Wipe the grease off his dirty face. The wide road shimmered in the hot sun. Open the crate but don't break the glass.
005	005.txt	phonetic-harvard	27	Rice is often served in round bowls. Help the woman get back to her feet. The beauty of the view stunned the young boy. Mend the coat before you go out. The lazy cow lay in the cool grass. Add the sum to the product of these three.
006	006.txt	phonetic-harvard	27	The juice of lemons makes fine punch. A pot of tea helps to pass the evening. Two blue fish swam in the tank. The wrist was badly strained and hung limp. Lift the square stone over the fence. Thieves who rob friends deserve jail.
007	007.txt	phonetic-harvard	27	The box was thrown beside the parked truck. Smoky fires lack flame and heat. Her purse was full of useless trash. The stray cat gave birth to kittens. The rope will bind the seven books at once. The ripe taste of cheese improves with age.
008	008.txt	phonetic-harvard	27	The hogs were fed chopped corn and garbage. The soft cushion broke the man's fall. The colt reared and threw the tall rider. The young girl gave no clear response. Hop over the fence and plunge in. Act on these orders with great speed.
009	009.txt	phonetic-harvard	27	Four hours of steady work faced us. The salt breeze came across from the sea. It snowed, rained, and hailed the same morning. The meal was cooked before the bell rang. The friendly gang left the drug store. The hog crawled under the high fence.
010	010.txt	phonetic-harvard	27	A large size in stockings is hard to sell. The girl at the booth sold fifty bonds. Read verse out loud for pleasure. What joy there is in living. Mesh wire keeps chicks inside. Move the vat over the hot fire.
011	011.txt	phonetic-harvard	27	The frosty air passed through the coat. We talked of the side show in the circus. A yacht slid around the point into the bay. The Navy attacked the big task force. The heap of fallen leaves was set on fire. The bark of the pine tree was shiny and dark.
012	012.txt	phonetic-harvard	27	The crooked maze failed to fool the mouse. Use a pencil to write the first draft. The two met while playing on the sand. See the cat glaring at the scared mouse. Write fast if you want to finish early. Leaves turn brown and yellow in the fall.
013	013.txt	phonetic-harvard	27	Adding fast leads to wrong sums. He ran half way to the hardware store. The ink stain dried on the finished page. There are more than two factors here. His shirt was clean but one button was gone. The pennant waved when the wind blew.
014	014.txt	phonetic-harvard	27	The show was a flop from the very start. The clock struck to mark the third period. The walled town was seized without a fight. The hat brim was wide and too droopy. The barrel of beer was a brew of malt and hops. Split the log with a quick, sharp blow.
015	015.txt	phonetic-harvard	27	A saw is a tool used for making boards. A small creek cut across the field. The lease ran out in sixteen weeks. The lawyer tried to lose his case. Tin cans are absent from store shelves. Burn peat after the logs give out.
016	016.txt	phonetic-harvard	27	The wagon moved on well oiled wheels. Cars and busses stalled in snow drifts. A tame squirrel makes a nice pet. The grass curled around the fence post. Slide the box into that empty space. He ordered peach pie with ice cream.
017	017.txt	phonetic-harvard	27	March the soldiers past the next hill. The set of china hit the floor with a crash. The horn of the car woke the sleeping cop. Cut the pie into large parts. The plant grew large and green in the window. Weave the carpet on the right hand side.
018	018.txt	phonetic-harvard	27	A cup of sugar makes sweet fudge. This is a grand season for hikes on the road. The heart beat strongly and with firm strokes. Men strive but seldom get rich. The beam dropped down on the workmen's head. Hemp is a weed found in parts of the tropics.
019	019.txt	phonetic-harvard	27	Place a rosebush near the porch steps. The dune rose from the edge of the water. The pearl was worn in a thin silver ring. Always close the barn door tight. Pink clouds floated with the breeze. A lame back kept his score low.
020	020.txt	phonetic-harvard	27	Both lost their lives in the raging storm. Those words were the cue for the actor to leave. The fruit peel was cut in thick slices. He lay prone and hardly moved a limb. She danced like a swan, tall and graceful. Type out three lists of orders.
021	021.txt	phonetic-harvard	27	The harder he tried the less he got done. The boss ran the show with a watchful eye. The cup cracked and spilled its contents. Paste can cleanse the most dirty brass. The slang word for raw whiskey is booze. It caught its hind paw in a rusty trap.
022	022.txt	phonetic-harvard	27	The wharf could be seen at the farther shore. Feel the heat of the weak dying flame. The tiny girl took off her hat. A cramp is no small danger on a swim. He said the same phrase thirty times. Pluck the bright rose without leaves.
023	023.txt	phonetic-harvard	27	Two plus seven is less than ten. The glow deepened in the eyes of the sweet girl. Bring your problems to the wise chief. Write a fond note to the friend you cherish. We frown when events take a bad turn. Port is a strong wine with a smoky taste.
024	024.txt	phonetic-harvard	27	The young kid jumped the rusty gate. Guess the results from the first scores. A salt pickle tastes fine with ham. The just claim got the right verdict. These thistles bend in a high wind. Pure bred poodles have curls.
025	025.txt	phonetic-pangram	28	The quick brown fox jumps over the lazy dog. Pack my box with five dozen liquor jugs. How vexingly quick daft zebras jump! Sphinx of black quartz, judge my vow. The five boxing wizards jump quickly.
026	026.txt	phonetic-pangram	28	Jackdaws love my big sphinx of quartz. Waltz, bad nymph, for quick jigs vex. Two driven jocks help fax my big quiz. Bright vixens jump; dozy fowl quack. Quick zephyrs blow, vexing daft Jim.
027	027.txt	phonetic-pangram	28	Five quacking zephyrs jolt my wax bed. Grumpy wizards make toxic brew for the evil queen and jack. The jay, pig, fox, zebra, and my wolves quack! Amazingly few discotheques provide jukeboxes. We promptly judged antique ivory buckles for the next prize.
028	028.txt	prosody-question-yesno	29	Are you coming with us tonight? Did you remember to lock the back door? Is this the train that goes downtown? Would you like tea, or would you rather have coffee? Have you finished all of your reading for the week? Can we still make it there before the shop closes?
029	029.txt	prosody-question-wh	29	Where did you leave the car keys this morning? What time does the library open on Sundays? Who was that standing near the front entrance? Why does the printer always jam on the last page? How far is it from here to the station? Which of these routes gets us home the fastest?
030	030.txt	prosody-exclamation	22	What a beautiful morning this turned out to be! I can't believe we actually finished on time! Watch out for that step! That was the best meal I've had all year! We won, we finally won! Look how much snow fell overnight!
031	031.txt	prosody-imperative	30	Please close the window before you leave. Turn left at the second set of lights, then park on the right. Hand me the blue folder on the top shelf. Take a deep breath and start again from the top. Save your work before you shut the laptop down. Meet me by the front doors at noon.
032	032.txt	prosody-imperative	28	First, preheat the oven and grease the pan. Next, stir the batter until it is smooth. Pour it slowly into the centre of the tray. Set the timer for thirty-five minutes. When it cools, cut it into even squares. Share it with the people you love.
033	033.txt	prosody-list	30	For the trip we need sunscreen, a water bottle, a hat, and a good pair of shoes. The store had apples, oranges, pears, grapes, and a few ripe bananas. My favourite seasons, in order, are autumn, spring, summer, and winter. We visited Toronto, Ottawa, Montreal, and Quebec City in a single week.
034	034.txt	prosody-list	24	The kit includes a cable, a charger, a case, and a short guide. On weekdays I study, on Saturdays I rest, and on Sundays I plan. Red, orange, yellow, green, blue, and violet make up the rainbow. She speaks English, French, and a little bit of Spanish.
035	035.txt	prosody-contrast	26	I said the blue one, not the red one. We are meeting on Thursday, not on Tuesday. She asked for two copies, not twelve. I wanted it warmed, not frozen. He lives on Maple Street, not Maple Avenue. The answer is sixteen, not sixty.
036	036.txt	prosody-contrast	24	You take the left path; I'll take the right. It's not what you say, it's how you say it. I don't want a bigger one, I want a better one. They didn't lose the game, they chose not to play. It wasn't broken, it was simply switched off.
037	037.txt	emotion-neutral	33	The meeting is scheduled for ten in the morning in the second-floor room. Bring a notebook and a pen, since the screens will be off for the first hour. Coffee and tea will be set out near the entrance. If you arrive early, feel free to take any open seat.
038	038.txt	emotion-neutral	31	The library closes at nine on weeknights and at six on weekends. You can renew most books online, up to three times, before they are due. Study rooms can be booked in one-hour blocks from the front desk. Late returns add a small fee to your account.
039	039.txt	emotion-neutral	33	To reset the router, hold the small button on the back for ten seconds. The lights will blink twice and then turn a steady green. Wait about two minutes for the network to come back online. If it does not, unplug the power and try once more.
040	040.txt	emotion-warm	31	It's so good to hear your voice again. I was just thinking about the walk we took last autumn, when the leaves were every shade of gold. Let's find a weekend soon and do it all over again. I've missed these easy afternoons with you.
041	041.txt	emotion-warm	28	Thank you for everything you did this week. You noticed the little things, and that meant more than you know. Get some rest tonight; you've earned it. I'm proud of you, and I'm lucky to have you around.
042	042.txt	emotion-warm	29	Come in, come in, you must be tired from the road. There's soup on the stove and a warm seat by the window. Take your time, there's no rush at all. It's just lovely to have you home.
043	043.txt	emotion-excited	30	You will not believe what happened today. The results came back, and every single test passed on the first try! Months of work, and it finally clicked into place. I honestly can't stop smiling. We have to celebrate this weekend.
044	044.txt	emotion-excited	28	This is the one, I can feel it! Look at how smoothly it runs now. Everything we planned is actually coming together. I've been waiting ages for a day like this. Let's keep this energy going and finish strong!
045	045.txt	emotion-serious	33	I want to be honest with you about where the project stands. We are behind, and pretending otherwise won't help anyone. If we focus on the essentials and cut the rest, we can still land it. It will take real discipline over the next two weeks.
046	046.txt	emotion-serious	31	Take a moment before you decide. This is a choice you will live with for a long time, and it deserves careful thought. Weigh what matters most to you, not what looks easiest today. Whatever you choose, choose it with clear eyes.
047	047.txt	emotion-gentle	28	It's late now, so let your shoulders drop and your breathing slow. The day is done, and nothing more is asked of you tonight. Close your eyes and let the quiet settle in. Everything else can wait until morning.
048	048.txt	emotion-gentle	28	There's no need to hurry through this part. Speak softly, move slowly, and let each word rest. The room is calm, and so are you. Just breathe, and take it one gentle step at a time.
049	049.txt	emotion-firm	30	Here's the plan, and we're going to stick to it. We start at eight, we finish the first phase by noon, and we do not skip the checks. If something breaks, we stop and fix it properly. No shortcuts, no exceptions.
050	050.txt	emotion-firm	30	I've made my decision, and it stands. We are not shipping until the tests are green and the review is done. This matters too much to rush. Hold the line, and trust the process we agreed on.
051	051.txt	emotion-firm	30	Let's be clear about the standard we're holding to. Every file gets checked, every number gets verified, and nothing goes out half-finished. If it isn't right, we don't send it. That's the rule, and it applies to me as much as anyone.
052	052.txt	longform-passage	56	When the sunlight strikes raindrops in the air, they act as a prism and form a rainbow. The rainbow is a division of white light into many beautiful colours. These take the shape of a long round arch, with its path high above, and its two ends apparently beyond the horizon. There is, according to legend, a boiling pot of gold at one end. People look, but no one ever finds it. When a man looks for something beyond his reach, his friends say he is looking for the pot of gold at the end of the rainbow.
053	053.txt	longform-passage	60	Throughout the centuries people have explained the rainbow in various ways. Some have accepted it as a miracle without physical explanation. To the Hebrews it was a token that there would be no more universal floods. The Greeks used to imagine that it was a sign from the gods to foretell war or heavy rain. The Norsemen considered the rainbow as a bridge over which the gods passed from earth to their home in the sky. Others have tried to explain the phenomenon physically. Aristotle thought that the rainbow was caused by reflection of the sun's rays by the rain. Since then physicists have found that it is not reflection, but refraction by the raindrops, which causes the rainbows.
054	054.txt	longform-passage	58	The North Wind and the Sun were disputing which was the stronger, when a traveller came along wrapped in a warm cloak. They agreed that the one who first succeeded in making the traveller take his cloak off should be considered stronger than the other. Then the North Wind blew as hard as he could, but the more he blew the more closely did the traveller fold his cloak around him; and at last the North Wind gave up the attempt. Then the Sun shone out warmly, and immediately the traveller took off his cloak. And so the North Wind was obliged to confess that the Sun was the stronger of the two.
055	055.txt	longform-passage	60	A hare one day ridiculed the short feet and slow pace of the tortoise, who replied, laughing, that though he seemed as swift as the wind, he would beat him in a race. The hare, believing this to be impossible, agreed to the proposal; and they agreed that the fox should choose the course and fix the goal. On the day appointed for the race the two started together. The tortoise never for a moment stopped, but went on with a slow and steady pace straight to the end of the course. The hare, trusting to his native swiftness, lay down by the wayside and fell fast asleep. At last waking up, he ran as fast as he could, but found that the tortoise had already reached the goal. Slow but steady wins the race.
056	056.txt	longform-passage	48	The ants were spending a fine winter's day drying grain collected in the summer time. A grasshopper, perishing with famine, passed by and earnestly begged for a little food. The ants asked him why he had not treasured up food during the summer. He replied that he had not the leisure, for he had passed the days in singing. They then said in derision that if he was foolish enough to sing all the summer, he must dance supperless to bed in the winter. It is best to prepare for the days of necessity.
057	057.txt	longform-passage	60	A lion was once asleep in the forest when a little mouse ran across his face and woke him. The lion was angry and caught the mouse in his great paw, ready to eat him. Pardon me, cried the little mouse. Forgive me this time, and I shall never forget it. Who knows but I may be able to do you a good turn one of these days? The lion was so amused that he lifted his paw and let him go. Some time later the lion was caught in a hunter's net. The little mouse heard his roar, came, and gnawed through the ropes until the great beast was free.
058	058.txt	longform-passage	58	A crow, half dead with thirst, came upon a pitcher which had once been full of water. But when the crow put its beak into the mouth of the pitcher, it found that only a little water was left in it, and that it could not reach far enough down to get at it. It tried and tried, but at last had to give up in despair. Then a thought came to the crow. It took a pebble and dropped it into the pitcher. Then it took another pebble and dropped it in. Little by little the water rose, until at last the crow was able to drink. Necessity is the mother of invention, and little by little does the trick.
059	059.txt	longform-passage	57	One hot summer's day a fox was strolling through an orchard when he came to a bunch of grapes just ripening on a vine which had been trained over a high branch. Just the thing to quench my thirst, said he. Drawing back a few paces, he took a run and a jump, and just missed the bunch. Turning round again with a one, two, three, he jumped up, but with no greater success. Again and again he tried after the tempting morsel, but at last had to give it up, and walked away with his nose in the air, saying that he was sure the grapes were sour. It is easy to despise what you cannot get.
060	060.txt	longform-passage	46	A dog, crossing a bridge over a stream with a piece of meat in his mouth, saw his own reflection in the water. Thinking it was another dog with another piece of meat, he made up his mind to have that also. So he snapped at the shadow in the water, but as he opened his mouth the piece of meat fell out, dropped into the stream, and was never seen again. Beware lest you lose the substance by grasping at the shadow.
061	061.txt	longform-passage	47	A very tall oak was uprooted by the wind and thrown across a stream. It fell among some reeds, and it said to them, I wonder how you, who are so light and weak, are not entirely crushed by these strong winds. The reeds replied, You fight and contend with the wind, and so you are destroyed; while we, on the other hand, bend before the least breath of air, and therefore remain unbroken, and escape. Stoop to conquer, and bend so that you do not break.
062	062.txt	longform-passage	52	A shepherd boy watched a flock of sheep near a village, and thought it would be great fun to trick the villagers. So he shouted, Wolf! Wolf! and when the people came running he laughed at them. He did this more than once, and each time the villagers found no wolf at all. But one day a wolf really did come. The boy cried out in terror, Wolf! Wolf! but not a soul came to help him, and the wolf made a fine meal of the flock. A liar will not be believed, even when he speaks the truth.
063	063.txt	longform-passage	60	A milkmaid was going to market carrying her pail of milk balanced on her head. As she walked along she began daydreaming. The money from this milk will let me buy three hundred eggs. The eggs will hatch into chickens, and I shall sell the chickens and buy a fine new dress. When I go to the fair, all the young men will admire me, but I shall toss my head and refuse them every one. At that thought she tossed her head, and down came the pail, and all the milk spilled onto the ground. Do not count your chickens before they are hatched.
064	064.txt	longform-passage	55	A man and his wife had the good fortune to own a goose that laid a golden egg every single day. Lucky though they were, they soon began to think they were not getting rich fast enough. Imagining the bird must be made of gold inside, they decided to kill it and take the whole treasure at once. But when they cut it open, they found it was just like any other goose. So they had neither a store of gold nor any more golden eggs. Those who have plenty want too much, and lose the little they already hold.
065	065.txt	longform-passage	58	A country mouse invited his city cousin to visit, and served him a plain meal of beans and bacon and a crust of bread. The town mouse laughed at such humble fare and begged his cousin to come and see how well he lived. In the city they dined on the leftovers of a grand feast, but again and again they were forced to run and hide as people and dogs burst into the room. Goodbye, said the country mouse at last. I would rather eat my simple meal in peace than feast in fear. A crust eaten in safety is better than a banquet enjoyed in danger.
066	066.txt	longform-narrative	58	Most mornings I'm up a little before seven. I start the kettle, then spend a few minutes stretching while the water heats. I like a strong cup of tea and a slice of toast before I look at anything on my phone. On a good day I'm out the door by eight, with my bag packed the night before, so I never have to rush. The walk to campus takes about twenty minutes, and I use it to plan out what I want to finish.
067	067.txt	longform-narrative	58	There's a small park a few streets over that I visit whenever I need to think. A gravel path loops around a shallow pond, and in the summer the whole edge is lined with tall reeds. Ducks paddle around in the shade, and there's an old wooden bench under a willow tree that almost no one uses. I'll sit there for half an hour with a notebook, watching the water, and by the time I leave my head feels a great deal clearer.
068	068.txt	longform-narrative	55	The idea behind the project is pretty simple once you see it. You record yourself reading a set of short scripts, one file at a time, and the software studies the pattern of your voice. It learns not just the sound, but the rhythm and the little pauses that make you sound like you. The more careful and consistent the recordings are, the closer the result gets. After that, it can read almost any sentence back in a voice that feels familiar.
069	069.txt	longform-narrative	56	On the weekend I try to step away from screens for a while. I'll cook something that takes a bit of effort, usually a big pot of soup or a tray of roasted vegetables that lasts a few days. In the afternoon I might read, or fix something that's been on my list, or just take a long walk if the weather holds. It isn't exciting, but there's a quiet satisfaction in a slow, ordinary day that goes exactly to plan.
070	070.txt	longform-narrative	55	If you're coming to meet me, it's easier than it sounds. Get off at the main station and leave by the north exit, near the coffee stand. Turn right, walk two blocks past the library, and you'll see a tall brick building on the corner. Go through the glass doors and take the lift to the third floor. I'll be in the room at the end of the hall, so just knock and come in.
071	071.txt	longform-narrative	57	I've come to believe that small habits matter far more than big plans. Anyone can promise to change everything overnight, but almost no one keeps it up past the first week. What actually works is picking one tiny thing and doing it every single day until you barely notice the effort. Over a year those small choices stack up into something you'd never have managed in one go. Slow and steady really does get there in the end.
072	072.txt	longform-narrative	55	In the evenings I usually head to the library on the second floor, where it stays quiet well past dark. I claim a desk near the window, spread out my notes, and put my phone in my bag where I can't reach it. I work in stretches of about forty-five minutes, then get up, walk a lap, and refill my water before starting again. It's amazing how much I get through when there's nothing around to pull my attention away.
073	073.txt	longform-narrative	55	My friend Sam has this habit of calling right when I need it most, without ever knowing it. We can talk for an hour about nothing at all, and I always hang up feeling lighter than before. Last week he drove clear across town just to bring me soup when I was feeling low. I don't say it often enough, but that kind of steady, quiet kindness is worth more than any grand gesture.
074	074.txt	longform-narrative	52	I've been counting down the days until the trip for weeks now. Everything is finally booked, the bags are half packed, and I keep catching myself grinning for no reason. We're going to hike in the mornings, cook over a fire at night, and not check a single email the entire time. I honestly can't remember the last time I felt this ready for something. It's going to be unforgettable.
075	075.txt	hardcase-numbers	35	My order number is 4, 8, 2, 7, 6. The total came to forty-nine dollars and ninety-nine cents. You can reach me at 6, 4, 7, 5, 5, 5, 0, 1, 9, 8. We need about two and a half kilograms of flour and three quarters of a cup of sugar. The temperature dropped to minus fourteen degrees overnight, and the wind made it feel closer to minus twenty.
076	076.txt	hardcase-dates	35	The appointment is on Monday, March 3rd, at 9:45 in the morning. Our flight leaves on July 21st, 2026, at a quarter past noon. The library reopens on the 1st of September. Set the alarm for 6 a.m. sharp, and we'll be on the road by 6:30. We first met back in 1998, believe it or not. The deadline is Friday the 13th, so please don't be late.
077	077.txt	hardcase-acronyms	33	Please send the PDF to my email, then CC the whole team. The GPU in this laptop handles the AI model with ease. NASA and the ESA are planning a joint mission next year. My address is 12 Elm St., near the corner of 5th Ave. The recipe calls for 2 tbsp of oil and 1 tsp of salt. Text me your ETA when you're on the way, and I'll meet you outside.
078	078.txt	hardcase-spelling	35	My last name is spelled S, T, E, P, H, E, N, S. The reference code starts with a capital Z, then a lowercase q, then the number 7. Let me spell the street for you: M, A, C, K, E, N, Z, I, E. Some everyday words are tricky to say: February, library, Wednesday, and specifically. Colonel, yacht, and rhythm never look the way they sound.
079	079.txt	hardcase-pronunciation	35	The entrepreneur gave a thorough, meticulous presentation. She studied the phenomenon of bioluminescence across the Pacific. Espresso, not expresso, is the word she prefers. The archipelago stretched for nearly two hundred kilometres. Anemone, mischievous, and Worcestershire trip up almost everyone. Data, cache, and niche each have more than one accepted pronunciation.
